country,adjusted_satisfaction,avg_satisfaction,std_satisfaction,income,median_income,income_inequality,region,happyscore,GDP,country
Armenia,37.0,4.9,2.42,2096.7599999999998,1731.5066666666667,31.445555555555554,'Central and Eastern Europe',4.35,0.7682100000000001,Armenia
Angola,26.0,4.3,3.19,1448.88,1044.24,42.72,'Sub-Saharan Africa',4.033,0.75778,Angola
Argentina,60.0,7.1,1.91,7101.12,5109.4,45.475555555555566,'Latin America and Caribbean',6.574,1.05351,Argentina
Austria,59.0,7.2,2.11,19457.039999999997,16879.62,30.29625,'Western Europe',7.2,1.33723,Austria
Australia,65.0,7.6,1.8,19917.0,15846.060000000001,35.285,'Australia and New Zealand',7.284,1.33358,Australia
Azerbaijan,46.0,5.8,2.27,3381.6000000000004,2931.48,24.215,'Central and Eastern Europe',5.212000000000001,1.02389,Azerbaijan
Bangladesh,43.0,5.3,2.1,1265.34,994.1400000000001,32.665000000000006,'Southern Asia',4.694,0.39753,Bangladesh
Belgium,63.0,7.2,1.72,17168.505,15166.455,28.745,'Western Europe',6.937,1.30782,Belgium
Burkina Faso,37.0,4.4,2.02,870.84,630.24,39.76,'Sub-Saharan Africa',3.5869999999999997,0.25811999999999996,Burkina Faso
Bulgaria,34.0,4.6,2.57,5354.82,4523.565,34.1625,'Central and Eastern Europe',4.218,1.01216,Bulgaria
Burundi,25.0,2.9,1.96,572.88,436.92,33.36,'Sub-Saharan Africa',2.905,0.0153,Burundi
Benin,20.0,3.0,2.7,989.04,657.0,43.44,'Sub-Saharan Africa',3.34,0.28665,Benin
Bolivia,53.0,6.3,1.9,3985.7100000000005,2584.4700000000003,51.61,'Latin America and Caribbean',5.89,0.68133,Bolivia
Brazil,56.0,6.9,2.19,5567.235,3294.18,54.33375,'Latin America and Caribbean',6.983,0.98124,Brazil
Botswana,36.0,4.7,2.42,3484.68,1632.6,60.46,'Sub-Saharan Africa',4.332,0.99355,Botswana
Belarus,47.0,5.5,1.99,5453.933333333334,4814.453333333334,27.754444444444445,'Central and Eastern Europe',5.813,1.0319200000000002,Belarus
Canada,69.0,8.0,1.71,20190.78,16829.1,33.79,'North America',7.4270000000000005,1.32629,Canada
Switzerland,70.0,8.0,1.62,23400.039999999997,19442.92,32.93,'Western Europe',7.587000000000001,1.3965100000000001,Switzerland
Chile,55.0,6.8,2.13,7557.99,4448.01,51.269999999999996,'Latin America and Caribbean',6.67,1.10715,Chile
Cameroon,36.0,3.9,1.69,1490.52,1030.08,42.82,'Sub-Saharan Africa',4.252,0.4225,Cameroon
China,48.0,6.2,2.43,2673.6428571428573,2108.1299999999997,37.57928571428572,'Eastern Asia',5.14,0.89012,China
Colombia,65.0,7.9,2.09,4618.062857142856,2618.674285714286,54.81571428571429,'Latin America and Caribbean',6.477,0.91861,Colombia
Costa Rica,73.0,8.5,1.71,6901.466666666666,4373.52,49.018888888888895,'Latin America and Caribbean',7.226,0.95578,Costa Rica
Cyprus,58.0,7.1,2.07,10493.955,8624.295,31.84,'Western Europe',5.689,1.20813,Cyprus
Czech Republic,54.0,6.6,2.13,9430.904999999999,8363.37,26.41375,'Central and Eastern Europe',6.505,1.17898,Czech Republic
Germany,61.0,7.2,1.99,19285.96,16291.26,31.541666666666668,'Western Europe',6.75,1.32792,Germany
Djibouti,43.0,5.7,2.54,1875.24,1348.74,44.63,'Sub-Saharan Africa',4.369,0.44025,Djibouti
Denmark,74.0,8.4,1.53,17496.510000000002,15630.885000000002,28.155,'Western Europe',7.527,1.32548,Denmark
Dominican Republic,60.0,7.5,2.33,4430.76,2836.453333333333,48.41777777777778,'Latin America and Caribbean',4.885,0.8953700000000001,Dominican Republic
Ecuador,57.0,6.8,1.99,3835.653333333333,2435.266666666667,50.09555555555555,'Latin America and Caribbean',5.975,0.8640200000000001,Ecuador
Estonia,50.0,6.2,2.19,7906.725,6540.134999999999,32.527499999999996,'Central and Eastern Europe',5.428999999999999,1.15174,Estonia
Spain,60.0,7.0,1.85,13842.990000000002,11782.395,34.62499999999999,'Western Europe',6.329,1.23011,Spain
Ethiopia,33.0,4.2,2.25,1050.72,857.16,33.17,'Sub-Saharan Africa',4.512,0.19072999999999998,Ethiopia
Finland,70.0,7.9,1.53,17310.195,14962.559999999998,27.72375,'Western Europe',7.406000000000001,1.29025,Finland
France,52.0,6.4,2.15,18096.788571428573,14971.251428571428,32.255714285714284,'Western Europe',6.575,1.27778,France
Gabon,34.0,4.2,2.21,2520.96,1791.48,42.18,'Sub-Saharan Africa',3.8960000000000004,1.06024,Gabon
United Kingdom,60.0,7.1,1.98,17099.550000000003,14172.735,34.432500000000005,'Western Europe',6.867000000000001,1.26637,United Kingdom
Georgia,37.0,4.3,1.91,1957.2666666666669,1483.7733333333335,40.89444444444445,'Central and Eastern Europe',4.297,0.7419,Georgia
Ghana,41.0,5.4,2.45,1577.04,1148.28,42.77,'Sub-Saharan Africa',4.633,0.5455800000000001,Ghana
Greece,54.0,6.5,2.07,11507.564999999999,9776.475,35.00124999999999,'Western Europe',4.857,1.15406,Greece
Honduras,55.0,7.0,2.46,3080.44,1757.8400000000001,55.80555555555555,'Latin America and Caribbean',4.788,0.59532,Honduras
Croatia,47.0,6.0,2.48,7828.08,6622.114285714285,32.00857142857142,'Central and Eastern Europe',5.7589999999999995,1.08254,Croatia
Hungary,42.0,5.5,2.48,6903.883636363637,6056.716363636363,29.55545454545455,'Central and Eastern Europe',4.8,1.12094,Hungary
Indonesia,50.0,6.1,2.14,1541.7473684210524,1161.0666666666666,34.90842105263158,'Southeastern Asia',5.399,0.8282700000000001,Indonesia
Ireland,64.0,7.5,1.85,16657.77,13823.16,32.418749999999996,'Western Europe',6.94,1.33596,Ireland
Israel,61.0,7.3,2.09,10645.24,8234.679999999998,41.94,'Middle East and Northern Africa',7.278,1.2285700000000002,Israel
India,45.0,5.5,2.13,1357.848,1042.2,34.918,'Southern Asia',4.565,0.64499,India
Iran,45.0,5.8,2.49,5215.04,3961.0,39.24,'Middle East and Northern Africa',4.686,1.0088,Iran
Iceland,71.0,8.1,1.64,18828.345,16179.315,28.78,'Western Europe',7.561,1.3023200000000001,Iceland
Italy,57.0,6.6,1.81,15437.595000000001,13163.07,34.12625,'Western Europe',5.9479999999999995,1.25114,Italy
Japan,54.0,6.4,2.04,14542.8,12541.08,32.11,'Eastern Asia',5.987,1.27074,Japan
Kenya,30.0,3.7,2.14,1492.68,949.08,48.51,'Sub-Saharan Africa',4.419,0.36471,Kenya
Kyrgyzstan,48.0,5.8,2.09,1852.6399999999999,1530.1333333333332,31.035555555555554,'Central and Eastern Europe',5.2860000000000005,0.47428000000000003,Kyrgyzstan
Cambodia,40.0,4.9,2.12,1868.72,1437.3799999999999,34.464999999999996,'Southeastern Asia',3.819,0.46038,Cambodia
Kosovo,46.0,5.7,2.23,2627.0057142857145,2224.68,30.07571428571429,'Central and Eastern Europe',5.5889999999999995,0.80148,Kosovo
Kazakhstan,54.0,6.5,2.12,3555.0933333333337,3025.48,28.422222222222224,'Central and Eastern Europe',5.855,1.1225399999999999,Kazakhstan
Laos,55.0,6.2,1.72,1491.72,1118.94,37.265,'Southeastern Asia',4.876,0.5906600000000001,Laos
Sri Lanka,42.0,5.1,2.07,2558.2799999999997,1862.36,38.6,'Southern Asia',4.271,0.83524,Sri Lanka
Liberia,37.0,4.4,2.02,653.04,528.72,36.48,'Sub-Saharan Africa',4.571000000000001,0.0712,Liberia
Lesotho,40.0,5.2,2.49,908.64,532.92,54.18,'Sub-Saharan Africa',4.898,0.37545,Lesotho
Lithuania,48.0,5.8,2.15,6789.16,5598.36,35.12,'Central and Eastern Europe',5.832999999999999,1.14723,Lithuania
Luxembourg,66.0,7.7,1.76,26182.275,22240.230000000003,31.95,'Western Europe',6.946000000000001,1.5639100000000001,Luxembourg
Latvia,45.0,5.5,2.11,6722.901818181816,5438.214545454545,36.33454545454545,'Central and Eastern Europe',5.098,1.11312,Latvia
Morocco,43.0,5.3,2.19,2864.88,2064.48,40.72,'Middle East and Northern Africa',5.013,0.7347899999999999,Morocco
Moldova,42.0,5.3,2.25,3077.28,2547.4133333333334,32.67444444444445,'Central and Eastern Europe',5.888999999999999,0.59448,Moldova
Madagascar,33.0,3.7,1.86,574.1999999999999,415.48,40.72,'Sub-Saharan Africa',3.681,0.20824,Madagascar
Mali,32.0,4.7,2.9,903.3,695.3399999999999,35.985,'Sub-Saharan Africa',3.995,0.26074,Mali
Mongolia,44.0,5.7,2.37,3181.8,2565.7200000000003,34.1325,'Eastern Asia',4.874,0.82819,Mongolia
Mauritania,36.0,4.9,2.62,1922.64,1567.2,35.69,'Sub-Saharan Africa',4.436,0.45407,Mauritania
Mauritius,48.0,5.9,2.19,4120.5,3222.7799999999997,35.745000000000005,'Sub-Saharan Africa',5.477,1.0076100000000001,Mauritius
Mexico,69.0,8.3,2.02,4148.0,2646.9733333333334,48.97444444444445,'Latin America and Caribbean',7.187,1.02054,Mexico
Malaysia,56.0,6.6,1.9,7286.82,4930.68,46.155,'Southeastern Asia',5.77,1.12486,Malaysia
Mozambique,34.0,3.8,1.76,714.72,488.52,45.58,'Sub-Saharan Africa',4.971,0.08308,Mozambique
Niger,34.0,3.8,1.75,718.4,535.5600000000001,37.72666666666667,'Sub-Saharan Africa',3.845,0.0694,Niger
Nigeria,43.0,5.3,2.19,910.32,649.2,42.97,'Sub-Saharan Africa',5.268,0.65435,Nigeria
Nicaragua,55.0,7.1,2.5,2419.2000000000003,1632.8799999999999,45.79666666666666,'Latin America and Caribbean',5.827999999999999,0.59325,Nicaragua
Netherlands,69.0,7.6,1.38,18234.434999999998,15880.545000000002,29.271250000000002,'Western Europe',7.377999999999999,1.32944,Netherlands
Norway,70.0,8.0,1.62,21877.71,19477.620000000003,27.307499999999997,'Western Europe',7.522,1.459,Norway
Nepal,48.0,5.3,1.65,1428.12,1155.0,32.84,'Southern Asia',4.513999999999999,0.35996999999999996,Nepal
Panama,65.0,7.8,2.02,6250.359999999999,3814.213333333334,52.66444444444445,'Latin America and Caribbean',6.7860000000000005,1.0635299999999999,Panama
Peru,52.0,6.5,2.28,4312.666666666666,2951.133333333333,48.10000000000001,'Latin America and Caribbean',5.824,0.9001899999999999,Peru
Philippines,53.0,7.0,2.66,2224.464,1472.4,44.768,'Southeastern Asia',5.073,0.70532,Philippines
Pakistan,45.0,6.0,2.72,1463.856,1174.368,31.195999999999998,'Southern Asia',5.194,0.59543,Pakistan
Poland,55.0,6.8,2.23,6582.465882352941,5451.247058823528,33.588823529411755,'Central and Eastern Europe',5.791,1.12555,Poland
Portugal,47.0,5.8,2.16,9982.875,7800.645,36.63,'Western Europe',5.102,1.15991,Portugal
Paraguay,56.0,6.8,2.04,4938.52,3136.04,50.96666666666667,'Latin America and Caribbean',5.877999999999999,0.75985,Paraguay
Romania,46.0,6.0,2.49,3174.1499999999996,2741.37,32.054375,'Central and Eastern Europe',5.124,1.04345,Romania
Serbia,44.0,5.6,2.32,4629.908571428571,3992.502857142857,29.72714285714286,'Central and Eastern Europe',5.122999999999999,0.92053,Serbia
Russia,43.0,5.6,2.43,7647.195,5520.975,41.239999999999995,'Central and Eastern Europe',5.716,1.13764,Russia
Rwanda,40.0,4.9,2.15,946.52,549.4399999999999,51.27333333333333,'Sub-Saharan Africa',3.465,0.22208000000000003,Rwanda
Sweden,67.0,7.8,1.72,17032.755,15166.605000000001,26.950000000000003,'Western Europe',7.364,1.33171,Sweden
Slovenia,57.0,7.0,2.14,12174.765,11071.994999999999,24.67875,'Central and Eastern Europe',5.848,1.18498,Slovenia
Slovakia,51.0,6.3,2.21,7986.3969230769235,7180.301538461538,27.056153846153848,'Central and Eastern Europe',5.995,1.1689100000000001,Slovakia
Sierra Leone,27.0,3.5,2.36,850.08,669.36,33.99,'Sub-Saharan Africa',4.507,0.33024000000000003,Sierra Leone
Senegal,41.0,4.5,1.62,1135.08,850.02,39.754999999999995,'Sub-Saharan Africa',3.904,0.36498,Senegal
El Salvador,56.0,6.7,2.03,3410.8933333333334,2366.28,44.82333333333334,'Latin America and Caribbean',6.13,0.76454,El Salvador
Chad,40.0,5.4,2.61,1177.68,876.6,43.32,'Sub-Saharan Africa',3.667,0.34193,Chad
Togo,22.0,2.6,2.08,936.36,636.0,44.115,'Sub-Saharan Africa',2.839,0.20868,Togo
Thailand,58.0,6.8,1.93,4792.5,3523.5449999999996,39.448750000000004,'Southeastern Asia',6.455,0.9669,Thailand
Tajikistan,46.0,5.1,1.68,1497.03,1260.69,30.972499999999997,'Central and Eastern Europe',4.7860000000000005,0.39047,Tajikistan
Tunisia,43.0,5.5,2.37,3251.2799999999997,2572.56,36.769999999999996,'Middle East and Northern Africa',4.739,0.88113,Tunisia
Turkey,47.0,6.0,2.33,5242.666666666667,4018.6799999999994,39.763333333333335,'Middle East and Northern Africa',5.332000000000001,1.06098,Turkey
Tanzania,19.0,2.5,2.26,941.4000000000001,693.3,39.03,'Sub-Saharan Africa',3.781,0.2852,Tanzania
Ukraine,39.0,5.1,2.44,4129.68,3643.52,26.271111111111114,'Central and Eastern Europe',4.681,0.79907,Ukraine
Uganda,39.0,4.5,1.89,1126.4799999999998,780.16,42.71666666666667,'Sub-Saharan Africa',3.931,0.21101999999999999,Uganda
United States,62.0,7.3,1.92,23127.0,17925.36,41.09,'North America',7.119,1.3945100000000001,United States
Uruguay,58.0,7.0,2.13,7544.399999999999,5269.226666666667,45.01444444444444,'Latin America and Caribbean',6.485,1.06166,Uruguay
Vietnam,53.0,6.1,1.77,2231.4,1643.58,39.24250000000001,'Southeastern Asia',5.36,0.63216,Vietnam
South Africa,49.0,6.3,2.47,3889.3199999999997,1506.3999999999999,63.72666666666667,'Sub-Saharan Africa',4.6419999999999995,0.9204899999999999,South Africa
Zambia,37.0,5.0,2.61,956.76,510.06,55.12,'Sub-Saharan Africa',5.129,0.47038,Zambia
Zimbabwe,33.0,4.1,2.16,1768.56,1230.6,43.15,'Sub-Saharan Africa',4.61,0.271,Zimbabwe